頭文字,品名,小型家電回収対象,出し方,出し方のポイント
,アイロン,,燃えないごみ,
,アイロン台,,粗大ごみ,
,アイロンプリント紙（昇華転写紙・捺染紙）,,燃やすごみ,
,アクリル板,,製品プラスチック,50cm以上かつ厚さ3cm未満は棒状・板状等粗大ごみ
,アコーディオンカーテン,,粗大ごみ,
,アスベスト（石綿）,,市で取り扱えないもの,販売店・専門業者に問い合わせ
,アタッシュケース（金属製）,,燃えないごみ,50cm以上は粗大ごみ
,アダプター（電源用）,,燃えないごみ,
,油（食用油を液状で出す場合）,,使用済み食用油,植物性油のみ
,油（食用油を固めて出す場合）,,燃やすごみ,
,油（食用以外）,,市で取り扱えないもの,販売店・専門業者に問い合わせ
,油（食用）のカン・ビン,,飲食用カン・ビン,中の油をよく切って出す。食用以外は燃えないごみ
,油（食用）のプラスチック容器,,容器包装プラスチック,中身を空にして汚れを取って出す。汚れ・においがとれない場合は燃やすごみ
,油よけ（コンロまわりに使用するもの）,,燃えないごみ,50cm以上は粗大ごみ
,網（バーベキュー用）,,燃えないごみ,50cm以上は粗大ごみ
,網戸,,粗大ごみ,50cm以上は粗大ごみ（2枚で粗大ごみ1品扱い）
,アルバム（表紙が厚紙など）,,燃やすごみ,写真は《ミックスペーパー》
,アルバム（ポケットアルバム）,,紙類,《ミックスペーパー》
,アルミ缶（飲食用）,,飲食用カン・ビン,中をすすいで出す。飲食用以外は燃えないごみ
,アルミ皿,,燃やすごみ,
,アルミホイル・アルミ箔,,燃やすごみ,
,アルミホイル製の鍋（使い捨て鍋）,,燃やすごみ,
,アルミホイルの芯,,紙類,《ミックスペーパー》
,アンテナ,,燃えないごみ,50cm以上は粗大ごみ
,アンプ,,燃えないごみ,50cm以上は粗大ごみ
,,,,
,,,,
,,,,
,,,,
,,,,
,石,,市で取り扱えないもの,販売店・専門業者に問い合わせ
,衣装ケース（かぶせ型か引出し一段タイプ：紙製）,,紙類,《段ボール》。取っ手は取り除く
,衣装ケース（かぶせ型か引出し一段タイプ：金属製）,,燃えないごみ,50cm以上は粗大ごみ（3個まで粗大ごみ1品扱い）
,衣装ケース（かぶせ型か引出し一段タイプ：プラスチック製）,,製品プラスチック,50cm以上は粗大ごみ（3個まで粗大ごみ1品扱い）
,椅子,,粗大ごみ,1m以上かつ2人掛け以上のものは大型粗大ごみ
,板ガラス,,棒状・板状等粗大ごみ,50cm未満は燃えないごみ
,一輪車（農工業用含む）,,粗大ごみ,50cm未満は燃えないごみ
,一升瓶,,飲食用カン・ビン,できるだけ販売店に返却
,一升瓶ケース,,製品プラスチック,できるだけ販売店に返却
,一斗缶,,燃えないごみ,中身を空にして出す。飲食用は飲食用カン・ビン
,イヤホン（有線タイプ）,,燃えないごみ,
,衣類,,布類,洗濯・乾燥して出す
,衣類カバー,,燃やすごみ,
,衣類乾燥機,,市で取り扱えないもの,販売店・専門業者に問い合わせ
,入れ歯,,燃やすごみ,
,インクカートリッジ（パソコプリンター用）,,燃やすごみ,できるだけ販売店・市役所（本庁舎・支所）の回収箱に返却
,印泥・印肉,,危険・有害ごみ,45リットルまでの透明・半透明の袋に入れて出す
,,,,
,,,,
,,,,
,,,,
,,,,
,ウインドーエアコン,,市で取り扱えないもの,販売店・専門業者に問い合わせ
,ウインドーファン（冷風扇）,,燃えないごみ,50cm以上は粗大ごみ
,ウインドブレーカー,,布類,洗濯・乾燥して出す
,植木の枝・葉,,植木剪定材,袋と束は合計5つまで
,植木鉢（陶磁器製）,,燃えないごみ,50cm以上は粗大ごみ
,植木鉢（軟質プラスチック製）,,容器包装プラスチック,苗木販売用などの柔らかいプラスチック製の鉢
,植木鉢（プラスチック製）,,製品プラスチック,50cm以上は粗大ごみ（3個まで粗大ごみ1品扱い）
,浮き輪,,燃やすごみ,
,うちわ（プラスチック製）,,製品プラスチック,
,うちわ（木製）,,燃やすごみ,
,ウッドチップ,,燃やすごみ,
,梅酒のビン,,燃えないごみ,自分で果実をつけるために買ったビンが対象。ふたは製品プラスチック
,ウレタンマット,,製品プラスチック,45リットルまでの透明・半透明の袋に入らない場合は粗大ごみ
,,,,
,,,,
,,,,
,エアーキャップ（気泡緩衝材）,,容器包装プラスチック,
,エアコン（ウインドーエアコン含む）・クーラー,,市で取り扱えないもの,販売店・専門業者に問い合わせ
,枝切バサミ,,危険・有害ごみ,新聞紙などの紙類で包み「キケン」と書いて出す。1m以上は棒状・板状等粗大ごみ
,エタノール,,市で取り扱えないもの,販売店・専門業者に問い合わせ
,絵の具のチューブ（金属製）,,燃えないごみ,中身を空にして出す
,絵の具のチューブ（プラスチック製）,,容器包装プラスチック,中身を空にして出す
,FRPボート,,市で取り扱えないもの,販売店・専門業者に問い合わせ
,エプロン（ゴム・ビニール製）,,燃やすごみ,
,エプロン（布製）,,布類,洗濯・乾燥して出す
,絵本,,紙類,《雑誌・古本》。機械部分は電池を外して燃えないごみ
,LED蛍光灯,,危険・有害ごみ,購入時・買替時の容器包装または新聞紙などの紙類で包み「蛍光管」と書いて出す
,LEDライト,,燃えないごみ,電池は外す
,LPガスボンベ類,,市で取り扱えないもの,ガスボンベに表示のLPガス販売店に問い合わせ
,園芸用支柱（金属製）,,燃えないごみ,有料袋（指定収集袋）を巻き付けて出す。1m以上は棒状・板状等粗大ごみ
,園芸用支柱（プラスチック製）,,製品プラスチック,1m以上は棒状・板状等粗大ごみ
,園芸用支柱（木製）,,燃やすごみ,50cm以上1m未満は棒状・板状等特定粗大ごみ、1m以上は棒状・板状等粗大ごみ
,エンジンオイル,,市で取り扱えないもの,販売店・専門業者に問い合わせ。処理ボックスに入れた場合は燃やすごみ
,鉛筆・色鉛筆,,燃やすごみ,
,,,,
,,,,
,,,,
,,,,
,,,,
,オイル（飲食用以外）,,市で取り扱えないもの,販売店・専門業者に問い合わせ
,王冠（金属製のフタ）,,燃えないごみ,
,応接椅子,,粗大ごみ,1m以上かつ2人掛け以上のものは大型粗大ごみ
,オーディオラック,,粗大ごみ,
,オートバイ・オートバイ部品（原付含む）,,市で取り扱えないもの,販売店・専門業者に問い合わせ
,オーブントースター,,燃えないごみ,50cm以上は粗大ごみ
,オーブンレンジ,,燃えないごみ,50cm以上は粗大ごみ
,桶（金属製）,,燃えないごみ,50cm以上は粗大ごみ
,桶（プラスチック製）,,製品プラスチック,50cm以上は粗大ごみ
,桶（木製）,,燃やすごみ,50cm以上は粗大ごみ
,落ち葉・枯れ葉,,植木剪定材,袋と束は合計5つまで
,お盆（金属製）,,燃えないごみ,50cm以上は粗大ごみ
,お盆（プラスチック製）,,製品プラスチック,50cm以上は粗大ごみ
,お盆（木製）,,燃やすごみ,50cm以上は粗大ごみ
,おまる（プラチック製）,,燃やすごみ,50cm以上は粗大ごみ
,おむつ（紙製）（ペット用除く）,,燃やすごみ,【減免対象】汚物はトイレに流す。45リットルまでの透明・半透明の袋におむつだけを入れて出す
,おむつ（ペット用）,,燃やすごみ,有料袋（指定収集袋）に入れて出す
,おむつ（布製）,,布類,汚物はトイレに流す。洗濯・乾燥して出す
,おもちゃ（ガラス・金属・陶磁器製）,,燃えないごみ,50cm以上は粗大ごみ
,おもちゃ（電気・電池を使うもの）,,燃えないごみ,電池は外す。50cm以上は粗大ごみ
,おもちゃ（プラスチック製）,,製品プラスチック,50cm以上は粗大ごみ
,おもちゃ（木製）,,燃やすごみ,50cm以上は粗大ごみ
,オルガン,,大型粗大ごみ,1m未満は粗大ごみ
,温水器（屋外用）,,市で取り扱えないもの,販売店・専門業者に問い合わせ
,温水洗浄便座,,粗大ごみ,50cm未満は燃えないごみ
,温度計（水銀使用）,,危険・有害ごみ,45リットルまでの透明・半透明の袋に入れて出す
,,,,
,,,,
,,,,
,,,,
,カーテン類（レース含む）,,布類,洗濯・乾燥して出す
,カーテンレール（金属製）,,棒状・板状等粗大ごみ,1m未満は燃えないごみ
,カーテンレール（プラスチック製）,,棒状・板状等粗大ごみ,1m未満は製品プラスチック
,カーテンレール（木製）,,棒状・板状等粗大ごみ,50cm以上1m未満は棒状・板状等特定粗大ごみ
,カード類（キャッシュカード・クレジットカード・プリペイドカード）,,燃やすごみ,切ってから出す
,カーペット,,粗大ごみ,
,カーペットローラー（プラスチック製）,,製品プラスチック,金属部分が半分以上の場合は燃えないごみ
,カーボン紙,,燃やすごみ,
,貝殻,,燃やすごみ,
,懐中電灯（金属製・プラスチック製）,,燃えないごみ,電池は外す
,カイロ（金属製）,,燃えないごみ,燃料を使い切って出す
,カイロ（使い捨て）,,燃やすごみ,外袋は容器包装プラスチック
,鏡,,燃えないごみ,50cm以上で飾りや枠のあるものは粗大ごみ、ないものは棒状・板状等粗大ごみ
,鍵,,燃えないごみ,
,掛け軸,,粗大ごみ,
,学習机,,大型粗大ごみ,1m未満は粗大ごみ
,額縁,,燃えないごみ,プラスチック枠にアクリル板は製品プラスチック、50cm以上は粗大ごみ（3個まで粗大ごみ1品扱い）
,傘（金属製）,,燃えないごみ,50cm以上でもクリーンステーションに出せる。有料袋（指定収集袋）を巻きつけて出す
,傘（木製・カーボン製）,,棒状・板状等特定粗大ごみ,
,傘立（金属製・陶磁器製）,,燃えないごみ,50cm以上は粗大ごみ
,傘立（プラスチック製）,,製品プラスチック,50cm以上は粗大ごみ
,傘立（木製）,,燃やすごみ,50cm以上は粗大ごみ
,加湿器,,燃えないごみ,50cm以上は粗大ごみ
,菓子の箱（紙製）,,紙類,《ボール紙・クラフト紙》。切り口が白色の場合は《ミックスペーパー》
,菓子の袋（プラスチック製）,,容器包装プラスチック,中身を空にして出す
,ガスオーブン,,燃えないごみ,50cm以上は粗大ごみ
,ガスコンロ,,粗大ごみ,50cm未満は燃えないごみ
,ガスボンベ（カセット式）,,危険・有害ごみ,中身を使い切り、45リットルまでの透明・半透明の袋に入れて出す。中身が残ったものは棒状・板状等粗大ごみ
,ガスマット（レンジカバー）,,燃えないごみ,50cm以上は粗大ごみ
,ガスレンジ,,粗大ごみ,50cm未満は燃えないごみ
,カセットテープとケース,,製品プラスチック,
,カセットデッキ,,燃えないごみ,50cm以上は粗大ごみ
,ガソリン,,市で取り扱えないもの,販売店・専門業者に問い合わせ
,カタログ（背表紙あり）,,紙類,《雑誌・古本》
,カタログ（背表紙なし）,,紙類,《ミックスペーパー》
,カッター（文房具）・カッターの刃,,危険・有害ごみ,新聞紙などの紙類で包み「キケン」と書いて出す
,カッパ（雨具：ビニール製）,,燃やすごみ,
,カップ麺の外装フィルム,,容器包装プラスチック,
,カップ麺の容器・フタ（紙製）,,紙類,《ミックスペーパー》。洗って乾かして出す。汚れ・においがとれない場合は燃やすごみ
,カップ麵の容器・フタ・具やスープの袋（プラスチック製）,,容器包装プラスチック,中身を空にして汚れを取って出す。汚れ・においがとれない場合は燃やすごみ
,かつら・髪の毛,,燃やすごみ,
,かばん（革製・布製・ビニール製）,,布類,壊れ・汚れがある場合は燃やすごみ
,かばん（金属製）,,燃えないごみ,50cm以上は粗大ごみ
,かばん（プラスチック製）,,製品プラスチック,50cm以上は粗大ごみ
,花瓶（ガラス製・金属製・陶磁器製）,,燃えないごみ,50cm以上は粗大ごみ
,花瓶（プラスチック製）,,製品プラスチック,50cm以上は粗大ごみ
,花瓶（木製）,,燃やすごみ,50cm以上は粗大ごみ
,画鋲（がびょう）,,危険・有害ごみ,新聞紙などの紙類で包み「キケン」と書いて出す
,鎌（かま）,,危険・有害ごみ,新聞紙などの紙類で包み「キケン」と書いて出す
,紙（コピー用紙・レシート・包装紙など）,,紙類,《ミックスペーパー》。汚れた場合は燃やすごみ
,紙おむつ（ペット用除く）,,燃やすごみ,【減免対象】汚物はトイレに流す。45リットルまでの透明・半透明の袋におむつだけを入れて出す
,紙おむつ（ペット用）,,燃やすごみ,有料袋（指定収集袋）に入れて出す
,紙コップ,,紙類,《ミックスペーパー》。洗って乾かして出す
,紙皿,,紙類,《ミックスペーパー》。洗って乾かして出す
,紙芯,,紙類,《ミックスペーパー》
,かみそり（金属製・プラスチック製）,,危険・有害ごみ,新聞紙などの紙類で包み「キケン」と書いて出す。電動式は電池を外して燃えないごみ
,紙パック（内側が銀・茶色も含む）,,紙類,《紙パック》。洗って乾かして出す
,紙ひも,,紙類,《ミックスペーパー》
,紙袋,,紙類,《ミックスペーパー》。切り口が茶色の場合は《ボール紙・クラフト紙》
,紙やすり,,燃やすごみ,
,ガムテープ,,燃やすごみ,
,カメラ・デジタルカメラ,,燃えないごみ,電池は外す
,カメラケース（革製・布製）,,燃やすごみ,
,カメラケース（金属製）,,燃えないごみ,
,カメラケース（プラスチック製）,,製品プラスチック,
,画用紙,,紙類,《ミックスペーパー》
,カラーボックス,,粗大ごみ,1m以上は大型粗大ごみ
,ガラス（割れたもの）,,危険・有害ごみ,新聞紙などの紙類で包み「キケン」と書いて出す
,刈込バサミ,,危険・有害ごみ,新聞紙などの紙類で包み「キケン」と書いて出す。1m以上は棒状・板状等粗大ごみ
,カレンダー,,紙類,《ミックスペーパー》。金具だけが残った場合は燃えないごみ
,革製品（衣類・かばん・ベルト）,,布類,壊れ・汚れがある場合は燃やすごみ
,革製品（靴・手袋）,,燃やすごみ,
,瓦,,市で取り扱えないもの,販売店・専門業者に問い合わせ
,カン（飲食用）,,飲食用カン・ビン,中をすすいで出す。さび・汚れのあるものは燃えないごみ
,カン（飲食用以外）,,燃えないごみ,中身を空にして出す
,換気扇,,燃えないごみ,50cm以上は粗大ごみ
,カン切り（金属製）,,燃えないごみ,
,緩衝材（発泡スチロール・気泡緩衝材）,,容器包装プラスチック,50cm以上でもクリーンステーションに出せる
,乾燥剤（シリカゲル）・脱酸素材,,燃やすごみ,
,感熱紙・ファクス用紙,,紙類,《ミックスペーパー》
,感熱発泡紙,,燃やすごみ,
,観葉植物,,植木剪定材,土は落とす。袋と束は合計5つまで
,,,,
,,,,
,,,,
,,,,
,,,,
,キーボード（楽器）,,粗大ごみ,50cm未満は燃えないごみ
,キーボード（PC用）,,燃えないごみ,
,ギター・ギターケース,,粗大ごみ,ギターとギターケースで粗大ごみ1品扱い
,キックボード,,粗大ごみ,50cm未満は燃えないごみ。プラスチック製の水泳用品の場合は製品プラスチック
,木の枝・根・幹,,植木剪定材,土は落とす。袋と束は合計5つまで
,着物・着物の帯（和服）,,布類,洗濯・乾燥して出す
,脚立,,粗大ごみ,50cm未満で金属製は燃えないごみ
,キャップ・ふた（金属製）,,燃えないごみ,
,キャップ・ふた（プラスチック製）,,容器包装プラスチック,
,キャビネット,,粗大ごみ,1m以上は大型粗大ごみ
,キャリア・ルーフキャリア（自動車用）,,粗大ごみ,純正品を除く
,キャリーバッグ,,粗大ごみ,
,牛乳パック,,紙類,《紙パック》。洗って乾かして出す
,教科書,,紙類,《雑誌・古本》
,鏡台（ドレッサー）,,粗大ごみ,
,キルティング,,燃やすごみ,
,金庫（金属製：耐火金庫を除く）,,燃えないごみ,50cm以上は粗大ごみ
,金庫（金属製：耐火金庫）,,市で取り扱えないもの,販売店・専門業者に問い合わせ
,,,,
,,,,
,,,,
,,,,
,空気入れ（金属製）,,燃えないごみ,50cm以上でもクリーンステーションに出せる。有料袋（指定収集袋）を巻きつけて出す
,空気入れ（プラスチック製）,,製品プラスチック,50cm以上でもクリーンステーションに出せる
,空気清浄機,,燃えないごみ,50cm以上は粗大ごみ
,クーラーバッグ,,燃やすごみ,
,釘,,燃えないごみ,
,草・花,,植木剪定材,土は落とす。袋と束は合計5つまで
,草刈り機（エンジン付きを除く）,,粗大ごみ,50cm未満は燃えないごみ
,草刈り機（エンジン付）,,市で取り扱えないもの,販売店・専門業者に問い合わせ
,串（金属製）,,燃えないごみ,
,串（竹串）,,燃やすごみ,
,櫛（くし・コーム：金属製）,,燃えないごみ,
,櫛（くし・コーム：プラスチック製）,,製品プラスチック,
,櫛（くし・コーム：木製）,,燃やすごみ,
,薬（カプセル・錠剤など）,,燃やすごみ,
,薬（カプセル・錠剤など）の包装シート,,容器包装プラスチック,
,薬のビン（飲み薬）,,飲食用カン・ビン,中をすすいで出す。金属製のふたは燃えないごみ
,薬のビン（飲み薬以外）,,燃えないごみ,中身を空にして出す
,薬の容器・ふた（プラスチック製）,,容器包装プラスチック,中身を空にして出す
,口紅の容器（金属製）,,燃えないごみ,中身を空にして出す
,口紅の容器（プラスチック製）,,容器包装プラスチック,中身を空にして出す。プラマークがついていない場合は燃やすごみ
,靴（革製・布製・ビニール製）,,燃やすごみ,洗濯・乾燥して出す
,靴下,,布類,洗濯・乾燥して出す
,クッション（ウレタン製）,,製品プラスチック,カバーは外す。45リットルまでの透明・半透明の袋に入らない場合は粗大ごみ
,クッション（ウレタン製以外）,,燃やすごみ,中材のみでも出せる。40リットルまでの有料袋（指定収集袋）に入らない場合は粗大ごみ
,熊手（掃除用具：金属製）,,燃えないごみ,50cm以上でもクリーンステーションに出せる。有料袋（指定収集袋）を巻きつけて出す
,熊手（掃除用具：プラスチック製）,,製品プラスチック,50cm以上でもクリーンステーションに出せる
,熊手（掃除用具：木製）,,棒状・板状等特定粗大ごみ,
,クリアファイル（プラスチック製）,,製品プラスチック,
,クリーニングの袋,,燃やすごみ,
,クリスマスツリー（プラスチック製）,,製品プラスチック,50cm以上は粗大ごみ、生木の場合は植木剪定材
,車椅子（手動式）,,粗大ごみ,
,車椅子（電動式）,,市で取り扱えないもの,販売店・専門業者に問い合わせ
,クレヨン,,燃やすごみ,
,グローブ,,燃やすごみ,
,グローランプ,,危険・有害ごみ,購入時・買替時の容器包装または新聞紙などの紙類で包み「蛍光管」と書いて出す
,軍手,,布類,洗濯・乾燥して出す。滑り止めのゴムがついているものは燃やすごみ
,,,,
,,,,
,,,,
,,,,
,蛍光灯（蛍光管）,,危険・有害ごみ,50cm以上でもクリーンステーションに出せる。購入時・買替時の容器包装または新聞紙などの紙類で包み「蛍光管」と書いて出す
,珪藻土製品,,燃えないごみ,石綿（アスベスト）を含む珪藻土製品の処分方法についてを参照
,携帯電話,,燃えないごみ,できるだけ販売店に返却。バッテリーは外して危険・有害ごみ
,携帯電話のバッテリー,,危険・有害ごみ,詳細は令和7年（2025年）4月1日からリチウムイオン電池などの収集を開始しました！をご確認ください
,毛糸玉,,布類,
,ゲートボールのクラブ・スティック（金属製）,,燃えないごみ,1m以上は棒状・板状等粗大ごみ
,ゲートボールのクラブ・スティック（木製・カーボン製）,,棒状・板状等特定粗大ごみ,1m以上は棒状・板状等粗大ごみ
,ゲーム機,,燃えないごみ,
,ゲームソフト,,製品プラスチック,
,毛皮,,布類,壊れ・汚れがある場合は燃やすごみ
,消しゴム,,燃やすごみ,
,化粧品の容器（金属製・ガラス製）,,燃えないごみ,中身を空にして出す
,化粧品の容器（プラスチック製）,,容器包装プラスチック,中身を空にして出す
,下駄,,燃やすごみ,
,下駄箱,,大型粗大ごみ,1m未満は粗大ごみ
,血圧計,,燃えないごみ,電動式は電池を外す。水銀入りは危険・有害ごみ
,結束バンド・梱包ひも・PPバンド,,燃やすごみ,
,毛抜き（金属製）,,燃えないごみ,
,玄関マット（金属製）,,燃えないごみ,50cm以上は粗大ごみ
,健康器具,,大型粗大ごみ,1m未満は粗大ごみ、50cm未満は燃えないごみ
,鍵盤ハーモニカ,,製品プラスチック,
,顕微鏡,,燃えないごみ,
,,,,
,,,,
,,,,
,,,,
,,,,
,碁石,,燃えないごみ,貝製は燃やすごみ、プラスチック製は製品プラスチック
,広告・ちらし,,紙類,《ミックスペーパー》。新聞に折り込まれていたものは《新聞紙》
,ゴーグル,,製品プラスチック,ひもやゴムは外して燃やすごみ
,コート・オーバー,,布類,壊れ・汚れがある場合は燃やすごみ。革製以外は洗濯・乾燥して出す
,コート掛け,,粗大ごみ,
,コード・延長コード,,燃えないごみ,
,コードリール,,燃えないごみ,
,コーヒーがら・フィルター,,燃やすごみ,水気を切って出す
,コーヒーメーカー,,燃えないごみ,50cm以上は粗大ごみ
,氷枕（水枕）,,燃やすごみ,
,ござ,,粗大ごみ,
,こたつ・こたつ板,,粗大ごみ,こたつとこたつ天板で粗大ごみ1品扱い
,こたつの掛けぶとん・敷きぶとん,,粗大ごみ,1枚につき粗大ごみ1品
,コピー機（家庭用）,,燃えないごみ,50cm以上は粗大ごみ
,コピー用紙,,紙類,《ミックスペーパー》
,ごみ箱（金属製・陶磁器製）,,燃えないごみ,50cm以上は粗大ごみ
,ごみ箱（プラスチック製）,,製品プラスチック,50cm以上は粗大ごみ
,ごみ箱（木製）,,燃やすごみ,50cm以上は粗大ごみ
,ゴム,,燃やすごみ,
,ゴム手袋・ゴム長靴,,燃やすごみ,
,ゴムホース,,燃やすごみ,
,ゴムボート,,粗大ごみ,
,米びつ（金属製）,,燃えないごみ,50cm以上は粗大ごみ
,米びつ（プラスチック製）,,製品プラスチック,50cm以上は粗大ごみ
,米びつ（木製）,,燃やすごみ,50cm以上は粗大ごみ
,米袋（紙製）,,燃やすごみ,
,米袋（プラスチック製）,,容器包装プラスチック,
,ゴルフクラブ（単品）,,燃えないごみ,50cm以上でも3本までクリーンステーションに出せる（4本以上は粗大ごみ）。有料袋（指定収集袋）を巻きつけて出す
,ゴルフシューズ,,燃やすごみ,
,ゴルフセット,,粗大ごみ,バッグとクラブのセットで1品扱い
,ゴルフバッグ（単品）,,粗大ごみ,
,コンクリート,,市で取り扱えないもの,販売店・専門業者に問い合わせ
,コンタクトレンズ,,燃やすごみ,
,コンタクトレンズの容器（使い捨て用）,,容器包装プラスチック,ハードコンタクトの保存容器は製品プラスチック
,コンパクト（金属製）,,燃えないごみ,
,コンパクト（プラスチック製）,,容器包装プラスチック,
,コンパス（文房具）,,燃えないごみ,プラスチック製は製品プラスチック
,コンビニ弁当などの容器（プラスチック製）,,容器包装プラスチック,中身を空にして汚れを取って出す
,コンポ,,燃えないごみ,50cm以上は粗大ごみ
,コンロ（卓上・カセットコンロ）,,燃えないごみ,カセットボンベは外して危険・有害ごみ。50cm以上は粗大ごみ
,,,,
,,,,
,,,,
,,,,
,サーフボード,,市で取り扱えないもの,販売店・専門業者に問い合わせ
,サイクリングマシーン,,大型粗大ごみ,1m未満は粗大ごみ
,座椅子,,粗大ごみ,
,在宅医療用品（カテーテル・チューブ・ビニールバッグ類）,,燃やすごみ,感染性のあるものは医療機関へ返却
,在宅医療用品（注射針・注射器など）,,市で取り扱えないもの,インスリン注射器・血糖値測定器用針を含む。医療機関へ返却
,サイドボード,,粗大ごみ,1m以上は大型粗大ごみ
,財布（革製・布製・ビニール製など）,,燃やすごみ,
,財布（金属製）,,燃えないごみ,
,魚とり網（たも網）（金属製）,,棒状・板状等粗大ごみ,1m未満は燃えないごみ
,魚とり網（たも網）（木製）,,棒状・板状等特定粗大ごみ,
,笹,,植木剪定材,袋と束は合計5つまで
,雑誌,,紙類,《雑誌・古本》
,座布団,,燃やすごみ,40リットルまでの有料袋（指定収集袋）に入らない場合は粗大ごみ（1枚につき粗大ごみ1品）
,サマーベッド,,粗大ごみ,
,ザル（金属製）,,燃えないごみ,50cm以上は粗大ごみ
,ザル（プラスチック製）,,製品プラスチック,50cm以上は粗大ごみ
,ザル（木製）,,燃やすごみ,50cm以上は粗大ごみ
,三角コーナー（金属製）,,燃えないごみ,
,三角コーナー（プラスチック製）,,製品プラスチック,
,三脚（金属製）,,燃えないごみ,50cm以上は粗大ごみ
,三脚（プラスチック製）,,製品プラスチック,50cm以上は粗大ごみ
,三脚（木製）,,燃やすごみ,50cm以上は粗大ごみ
,サングラス,,燃えないごみ,レンズがプラスチック製の場合は製品プラスチック
,酸素ボンベ,,市で取り扱えないもの,販売店・専門業者に問い合わせ
,サンダル,,燃やすごみ,一部金属がついていても出せる
,三輪車（金属製）,,燃えないごみ,50cm以上でもクリーンステーションに出せる
,三輪車（プラスチック製）,,製品プラスチック,50cm以上でもクリーンステーションに出せる。フレームが金属の場合は燃えないごみ
,,,,
,,,,
,,,,
,,,,
,,,,
,シーツ（敷布）,,布類,洗濯・乾燥して出す
,CDなどとそのケース（LD・DVD・ブルーレイ）,,製品プラスチック,外装フィルムは容器包装プラスチック
,CDプレーヤー,,燃えないごみ,50cm以上は粗大ごみ
,シート（ブルーシート・防草シートなど）,,燃やすごみ,50cm未満に切って出す
,ジーンズ,,布類,洗濯・乾燥して出す
,敷布団,,粗大ごみ,1枚につき粗大ごみ1品
,磁石,,燃えないごみ,
,辞書・辞典,,紙類,《雑誌・古本》
,下敷き（プラスチック製）,,製品プラスチック,
,七輪,,燃えないごみ,
,自転車,,粗大ごみ,電動アシスト自転車のバッテリーは市で取り扱えないもの
,自転車のタイヤチューブ,,燃やすごみ,
,自動車（部品含む）,,市で取り扱えないもの,販売店・専門業者に問い合わせ
,竹刀,,棒状・板状等特定粗大ごみ,1m以上は棒状・板状等粗大ごみ
,芝（プラスチック製を除く）,,植木剪定材,土は落とす。袋と束は合計5つまで
,芝刈り機（エンジン付を除く）,,粗大ごみ,50cm未満は燃えないごみ
,芝刈り機（エンジン付）,,市で取り扱えないもの,販売店・専門業者に問い合わせ
,シャープペンシル（金属製）,,燃えないごみ,
,シャープペンシル（プラスチック製）,,製品プラスチック,
,シャープペンシル（木製）,,燃やすごみ,
,写真・ポラロイド写真,,紙類,《ミックスペーパー》
,写真のネガ・フィルム,,製品プラスチック,
,シャツ,,布類,洗濯・乾燥して出す
,ジャッキ,,燃えないごみ,50cm以上は粗大ごみ
,しゃもじ（プラスチック製）,,製品プラスチック,
,しゃもじ（木製）,,燃やすごみ,
,シャワーキャップ,,燃やすごみ,
,シャンデリア,,粗大ごみ,50cm未満は燃えないごみ。電球は危険・有害ごみ
,ジャンパー,,布類,洗濯・乾燥して出す
,シャンプーのボトル,,容器包装プラスチック,中身を空にして出す
,週刊誌,,紙類,《雑誌・古本》
,ジューサー,,燃えないごみ,
,じゅうたん,,粗大ごみ,
,充電器（コンセント式）,,燃えないごみ,充電式電池は市で取り扱えないもの
,重箱（プラスチック製）,,製品プラスチック,
,重箱（木製）,,燃やすごみ,
,朱肉,,燃やすごみ,
,ジュラルミンケース,,燃えないごみ,50cm以上は粗大ごみ
,シュレッダー（手動式）,,製品プラスチック,50cm以上は粗大ごみ
,シュレッダー（電動式）,,燃えないごみ,50cm以上は粗大ごみ
,シュレッダーにかけた紙,,紙類,《ミックスペーパー》
,シュロ（木）,,植木剪定材,土は落とす。袋と束は合計5つまで
,瞬間冷却剤,,燃やすごみ,
,ジョイントマット（ウレタン製）,,製品プラスチック,45リットルまでの透明・半透明の袋に入らない場合は粗大ごみ
,消火器（加圧式・蓄圧式など：薬品が残っているもの）,,市で取り扱えないもの,販売店・専門業者に問い合わせ
,消火器（加圧式・蓄圧式など：薬品を使い切ったもの）,,燃えないごみ,50cm以上は粗大ごみ
,消火器（スプレー式：薬品が残っているもの）,,市で取り扱えないもの,販売店・専門業者に問い合わせ
,消火器（スプレー式：薬品を使い切ったもの）,,危険・有害ごみ,45リットルまでの透明・半透明の袋に入れて出す
,定規・ものさし（金属製）,,燃えないごみ,1m以上で他辺10cm未満のものは棒状・板状等粗大ごみ
,定規・ものさし（プラスチック製）,,製品プラスチック,1m以上で他辺10cm未満のものは棒状・板状等粗大ごみ
,定規・ものさし（木製）,,燃やすごみ,50cm以上1mまでで他辺10cm未満のものは棒状・板状等特定粗大ごみ、1m以上で他辺10cm未満のものは棒状・板状等粗大ごみ
,将棋のこま（プラスチック製）,,製品プラスチック,
,将棋のこま（木製）,,燃やすごみ,
,将棋盤（プラスチック製）,,製品プラスチック,
,将棋盤（木製の卓上盤）,,燃やすごみ,
,浄水器（金属製）,,燃えないごみ,
,浄水器（蛇口取付タイプ・カートリッジ）,,燃やすごみ,
,照明器具（金属製）,,燃えないごみ,50cm以上は粗大ごみ。電球・蛍光管は危険・有害ごみ
,照明器具カバー（プラスチック製）,,製品プラスチック,50cm以上は粗大ごみ。電球・蛍光管は危険・有害ごみ
,除湿機,,棒状・板状等粗大ごみ,50cm未満でフロンガスなしは燃えないごみ
,除湿剤の容器,,容器包装プラスチック,水を捨てて出す
,書棚・本棚,,大型粗大ごみ,1m未満は粗大ごみ
,食器（ガラス製・金属製）,,燃えないごみ,割れた場合は危険・有害ごみ
,食器（陶磁器製）,,燃えないごみ,50cm以上でもクリーンステーションに出せる。割れた場合は危険・有害ごみ
,食器（プラスチック製）,,製品プラスチック,
,食器（木製）,,燃やすごみ,
,食器洗い乾燥機,,燃えないごみ,50cm以上は粗大ごみ
,食器棚,,大型粗大ごみ,1m未満は粗大ごみ
,書類スタンド（金属製）,,燃えないごみ,50cm以上は粗大ごみ
,書類スタンド（プラスチック製）,,製品プラスチック,50cm以上は粗大ごみ
,書類スタンド（木製）,,燃やすごみ,50cm以上は粗大ごみ
,シリカゲル（乾燥剤）,,燃やすごみ,
,シリコン製調理器具,,製品プラスチック,
,シルバーカー・手押し車,,粗大ごみ,50cm未満は燃えないごみ
,芯（トイレットペーパーなど）,,紙類,《ミックスペーパー》
,人工芝（プラスチック製）,,製品プラスチック,45リットルまでの透明・半透明の袋に入らない場合は粗大ごみ
,シンナー類,,市で取り扱えないもの,販売店・専門業者に問い合わせ
,新聞,,紙類,《新聞紙》
,,,,
,,,,
,,,,
,,,,
,水槽（ガラス製）,,燃えないごみ,50cm以上は粗大ごみ
,水槽（アクリル製・プラスチック製）,,製品プラスチック,50cm以上は粗大ごみ
,水筒（金属製）,,燃えないごみ,
,水筒（プラスチック製）,,製品プラスチック,
,炊飯器,,燃えないごみ,
,スーツ・背広,,布類,洗濯・乾燥して出す
,スーツケース・トランク,,粗大ごみ,
,姿見,,粗大ごみ,枠や飾りのないものは棒状・板状等粗大ごみ
,スキー板・スキーストック・スキー靴,,粗大ごみ,ストックと靴を一緒に出した場合はまとめて粗大ごみ1品扱い
,スキーウェア,,布類,壊れ・汚れがある場合は燃やすごみ
,スキーキャリア,,粗大ごみ,
,スキャナー（家庭用）,,燃えないごみ,50cm以上は粗大ごみ
,スクラップブック（切り抜きを貼ったもの）,,燃やすごみ,
,スケート靴,,燃えないごみ,
,スケートボード,,粗大ごみ,50cm未満は燃えないごみ
,スコップ（金属製）,,燃えないごみ,50cm以上は粗大ごみ
,スコップ（プラスチック製）,,製品プラスチック,50cm以上は粗大ごみ
,すずり（石・セラミック製）,,燃えないごみ,
,すずり（プラスチック製）,,製品プラスチック,
,すだれ,,棒状・板状等特定粗大ごみ,
,スチールカン（飲食用）,,飲食用カン・ビン,飲食用以外は燃えないごみ
,ステレオ（セット・単品）,,粗大ごみ,50cm未満は燃えないごみ
,ステレオラック,,粗大ごみ,50cm未満で金属製は燃えないごみ、プラスチック製は製品プラスチック
,ストーブ（石油・ガス・電気）,,粗大ごみ,電池は外し、灯油は抜く。50cm未満は燃えないごみ
,ストッカー（金属製・陶磁器製）,,燃えないごみ,50cm以上は粗大ごみ
,ストッカー（プラスチック製）,,製品プラスチック,50cm以上は粗大ごみ
,ストッカー（木製）,,燃やすごみ,50cm以上は粗大ごみ
,ストッキング,,布類,洗濯・乾燥して出す
,ストロー（金属製）,,燃えないごみ,
,ストロー（プラスチック製）,,製品プラスチック,
,ストロー（木製）,,燃やすごみ,
,ストローの袋（紙製）,,紙類,《ミックスペーパー》
,スノーボード・スノーボードの靴,,粗大ごみ,靴を一緒に出した場合はまとめて粗大ごみ1品扱い
,スノーボードの靴,,燃やすごみ,
,すのこ,,粗大ごみ,3品まで粗大ごみ1品扱い
,スパイクシューズ,,燃やすごみ,一部金属がついていても燃やすごみ
,スピーカー,,燃えないごみ,50cm以上は粗大ごみ
,スプレー缶,,危険・有害ごみ,中身を使い切って45リットルまでの透明・半透明の袋に入れて出す。中身が残ったものは棒状・板状等粗大ごみ
,ズボン,,布類,洗濯・乾燥して出す
,スポンジ,,製品プラスチック,
,スポンジトレー（金属製）,,燃えないごみ,
,スポンジトレー（プラスチック製）,,製品プラスチック,
,ズボンプレッサー,,粗大ごみ,50cm未満は燃えないごみ
,墨（書道用）,,燃やすごみ,
,炭（木炭）,,燃やすごみ,
,すりこぎ（木製）,,燃やすごみ,
,スリッパ,,燃やすごみ,
,スリッパラック（金属製）,,燃えないごみ,50cm以上は粗大ごみ
,スリッパラック（プラスチック製）,,製品プラスチック,50cm以上は粗大ごみ
,スリッパラック（木製）,,燃やすごみ,50cm以上は粗大ごみ
,すり鉢,,燃えないごみ,
,スレート,,市で取り扱えないもの,販売店・専門業者に問い合わせ
,,,,
,,,,
,,,,
,生花,,植木剪定材,袋と束は合計5つまで
,製図台・ドラフター（家庭用）,,大型粗大ごみ,1m未満は粗大ごみ
,整髪料の容器（ガラス製）,,燃えないごみ,中身を空にしてすすいで出す
,整髪料の容器（スプレー缶）,,危険・有害ごみ,中身を使い切って45リットルまでの透明・半透明の袋に入れて出す。中身が残ったものは棒状・板状等粗大ごみ
,整髪料の容器（プラスチック製）,,容器包装プラスチック,中身を空にして出す
,生理用品,,燃やすごみ,
,セイルボート,,市で取り扱えないもの,販売店・専門業者に問い合わせ
,セーター,,布類,洗濯・乾燥して出す
,石鹸受け（金属製・陶磁器製）,,燃えないごみ,
,石鹸受け（プラスチック製）,,製品プラスチック,
,石膏像,,燃えないごみ,50cm以上は粗大ごみ
,石膏ボード,,市で取り扱えないもの,販売店・専門業者に問い合わせ
,セメント,,市で取り扱えないもの,販売店・専門業者に問い合わせ
,セロハンテープ・芯,,燃やすごみ,
,セロハンテープカッター台,,燃えないごみ,プラスチック製でおもりの入っていないものは製品プラスチック
,洗顔料のチューブ,,容器包装プラスチック,中身を空にして出す
,洗剤の紙箱,,燃やすごみ,
,洗剤の計量カップ・スプーン,,製品プラスチック,
,洗剤の容器・詰め替え用外袋,,容器包装プラスチック,中身を空にして出す
,扇子（布製・木製）,,燃やすごみ,
,扇子（プラスチック製）,,製品プラスチック,
,洗濯板（プラスチック製）,,製品プラスチック,50cm以上は粗大ごみ
,洗濯板（木製）,,燃やすごみ,50cm以上は粗大ごみ
,洗濯かご（プラスチック製）,,製品プラスチック,50cm以上は粗大ごみ
,洗濯機,,市で取り扱えないもの,販売店・専門業者に問い合わせ
,洗濯ばさみ（金属製）,,燃えないごみ,
,洗濯ばさみ（プラスチック製）,,製品プラスチック,
,剪定バサミ,,危険・有害ごみ,新聞紙などの紙類で包み「キケン」と書いて出す。1m以上は棒状・板状等粗大ごみ
,栓抜き（金属製）,,燃えないごみ,
,栓抜き（プラスチック製）,,製品プラスチック,
,栓抜き（木製）,,燃やすごみ,
,扇風機,,燃えないごみ,
,洗面器（金属製）,,燃えないごみ,50cm以上でもクリーンステーションに出せる
,洗面器（プラスチック製）,,製品プラスチック,50cm以上でもクリーンステーションに出せる
,,,,
,,,,
,,,,
,,,,
,造花,,燃やすごみ,
,双眼鏡（金属製）,,燃えないごみ,
,双眼鏡（プラスチック製）,,製品プラスチック,
,掃除機,,粗大ごみ,50cm未満は燃えないごみ
,ぞうり,,燃やすごみ,
,ソースの容器・ふた,,容器包装プラスチック,中身を空にして汚れを取って出す
,ソテツ（植物）,,植木剪定材,土は落とす。袋と束は合計5つまで
,ソファー（二人掛け以上）,,大型粗大ごみ,一人掛けは粗大ごみ
,ソファーベッド（スプリングあり）,,市で取り扱えないもの,販売店・専門業者に問い合わせ
,ソファーベッド（スプリングなし）,,大型粗大ごみ,
,そり（プラスチック製）,,粗大ごみ,50cm未満は製品プラスチック
,そろばん（プラスチック製）,,製品プラスチック,
,そろばん（木製）,,燃やすごみ,
,,,,
,,,,
,,,,
,体温計（水銀使用）,,危険・有害ごみ,45リットルまでの透明・半透明の袋に入れて出す
,体温計（電子）,,燃えないごみ,
,体重計,,燃えないごみ,50cm以上は粗大ごみ
,タイヤ（自転車）,,燃やすごみ,金属部分は外す
,タイヤチェーン（金属製）,,燃えないごみ,
,タイヤチェーン（布製・ゴム製）,,燃やすごみ,
,タイヤチェーン（プラスチック製）,,製品プラスチック,
,タイル,,市で取り扱えないもの,販売店・専門業者に問い合わせ
,ダイレクトメール（チラシ類）,,紙類,《ミックスペーパー》。透明・半透明の外袋は燃やすごみ
,タオル・タオルケット,,布類,洗濯・乾燥して出す
,高枝バサミ,,棒状・板状等粗大ごみ,1m未満は危険・有害ごみ
,竹,,植木剪定材,袋と束は合計5つまで
,竹細工・竹の生垣,,燃やすごみ,50cm以上は粗大ごみ
,筍の皮,,植木剪定材,土は落とす。袋と束は合計5つまで。茹でたものは燃やすごみ
,畳,,粗大ごみ,自分で交換したものに限る
,卓球台,,粗大ごみ,
,卓球のラケット,,燃やすごみ,卓球の球は製品プラスチック
,タッパーウェア類（プラスチック製）,,製品プラスチック,
,棚（収納棚）,,大型粗大ごみ,1m未満は粗大ごみ
,タバコの空き箱・銀紙,,紙類,《ミックスペーパー》。外装フィルムは容器包装プラスチック
,タバコの吸殻,,燃やすごみ,
,足袋（たび）,,布類,洗濯・乾燥して出す。裏面にゴムのついた地下足袋などは燃やすごみ
,タブレット（電子機器）,,燃えないごみ,
,卵の殻,,燃やすごみ,
,卵パック（紙製）,,紙類,《ミックスペーパー》
,卵パック（プラスチック製）,,容器包装プラスチック,
,たわし,,燃やすごみ,金属製は燃えないごみ
,たわし入れ（金属製）,,燃えないごみ,
,たわし入れ（プラスチック製）,,製品プラスチック,
,たんす,,大型粗大ごみ,1m未満は粗大ごみ
,ダンベル（金属製）,,燃えないごみ,
,ダンベル（プラスチック製）,,製品プラスチック,おもり入りは燃えないごみ
,段ボール,,紙類,《段ボール》。プラスチック製は製品プラスチック
,,,,
,,,,
,,,,
,,,,
,チェスト,,粗大ごみ,1m以上は大型粗大ごみ
,チャイルドシート,,粗大ごみ,
,茶殻・茶葉,,燃やすごみ,水気を切って出す
,着火剤（固形・ジェル）,,燃やすごみ,
,着火ライター,,危険・有害ごみ,中身が残ったものも出せる。45リットルまでの透明・半透明の袋に入れて出す
,茶箱,,粗大ごみ,
,中華なべ,,燃えないごみ,50cm以上でもクリーンステーションに出せる。有料袋（指定収集袋）に入りきらない場合は、40リットル相当の有料袋（指定収集袋）を貼り付けて出す
,チューナー,,燃えないごみ,50cm以上は粗大ごみ
,チューブ容器類（金属製）,,燃えないごみ,中身を使い切って出す
,チューブ容器類（プラスチック製）,,容器包装プラスチック,中身を空にして汚れを取って出す
,彫刻刀,,危険・有害ごみ,新聞紙などの紙類に包んで「キケン」と書いて出す
,調理用ボウル（金属製）,,燃えないごみ,
,調理用ボウル（プラスチック製）,,製品プラスチック,
,ちらし・広告,,紙類,《ミックスペーパー》。新聞に折り込まれていたものは《新聞紙》
,ちりとり（金属製）,,燃えないごみ,50cm以上でもクリーンステーションに出せる。有料袋（指定収集袋）に入りきらない場合は、40リットル相当の有料袋（指定収集袋）を貼り付けて出す
,ちりとり（プラスチック製）,,製品プラスチック,50cm以上でもクリーンステーションに出せる
,ちりとり（木製）,,燃やすごみ,50cm以上は棒状・板状等特定粗大ごみ
,,,,
,,,,
,,,,
,,,,
,杖（金属製・グラスファイバー製）,,燃えないごみ,50cm以上でもクリーンステーションに出せる。有料袋（指定収集袋）を巻きつけて出す
,杖（プラスチック製）,,製品プラスチック,50cm以上でもクリーンステーションに出せる
,杖（木製・カーボン製）,,棒状・板状等特定粗大ごみ,
,机,,大型粗大ごみ,1m未満は粗大ごみ
,漬物石（プラコーティング含む）,,市で取り扱えないもの,販売店・専門業者に問い合わせ
,土・砂利,,市で取り扱えないもの,販売店・専門業者に問い合わせ
,つっぱり棒（金属製）,,燃えないごみ,有料袋（指定収集袋）を巻きつけて出す。1m以上は棒状・板状等粗大ごみ
,つっぱり棒（プラスチック製）,,製品プラスチック,1m以上は棒状・板状等粗大ごみ
,つまようじ,,燃やすごみ,
,爪切り,,燃えないごみ,
,釣り糸,,燃やすごみ,
,釣り竿（グラスファイバー製）,,棒状・板状等粗大ごみ,1m未満は燃えないごみ
,釣り竿（木製・カーボン製）,,棒状・板状等粗大ごみ,50cm以上1m未満は棒状・板状等特定粗大ごみ
,釣り針,,危険・有害ごみ,新聞紙などの紙類に包んで「キケン」と書いて出す
,,,,
,,,,
,,,,
,Tシャツ,,布類,洗濯・乾燥して出す
,ティッシュペーパー,,燃やすごみ,
,ティッシュボックス（紙箱）,,紙類,《ボール紙・クラフト紙》。取り出し口のフィルムは容器包装プラスチック
,DVDなどとそのケース（LD・CD・ブルーレイ）,,製品プラスチック,
,DVDプレーヤー,,燃えないごみ,50cm以上は粗大ごみ
,テープ（紙・ビニール製）,,燃やすごみ,
,テーブル,,大型粗大ごみ,天板の面積が1.2平方メートル未満は粗大ごみ
,テーブルクロス（布製）,,布類,洗濯・乾燥して出す
,テーブルクロス（ビニール製）,,燃やすごみ,50cm未満に切って出す
,テープレコーダー（電池式）,,燃えないごみ,電池は外す
,手おけ（風呂用：プラスチック製）,,製品プラスチック,
,手おけ（風呂用：木製）,,燃やすごみ,
,手紙,,紙類,《ミックスペーパー》。切り口が茶色の場合は《ボール紙・クラフト紙》
,デジタルオーディオプレーヤー,,燃えないごみ,50cm以上は粗大ごみ
,デジタルカメラ,,燃えないごみ,電池は外す
,手帳,,紙類,《ミックスペーパー》
,鉄アレイ,,燃えないごみ,
,手袋（革製・ゴム製・ゴムの滑り止めつき）,,燃やすごみ,
,手袋（綿・化繊・毛糸）,,布類,洗濯・乾燥して出す
,テレビ,,市で取り扱えないもの,販売店・専門業者に問い合わせ
,テレビ台,,粗大ごみ,1m以上は大型粗大ごみ
,電気あんか,,燃えないごみ,
,電気カーペット（ホットカーペット）・電気毛布,,粗大ごみ,
,電気スタンド,,燃えないごみ,50cm以上は粗大ごみ。電球・蛍光管は危険・有害ごみ
,電球,,危険・有害ごみ,購入時・買替時の容器包装または新聞紙などの紙類に包み「蛍光管」と書て出す
,電子オルガン・電子ピアノ,,大型粗大ごみ,1m未満は粗大ごみ
,電子辞書・電子手帳・電子書籍端末,,燃えないごみ,
,電子レンジ,,燃えないごみ,50cm以上は粗大ごみ
,電卓（計算機）,,燃えないごみ,
,電池（乾電池）,,危険・有害ごみ,45リットルまでの透明・半透明の袋に入れて出す
,電池（小型充電式電池：ニカド電池・ニッケル水素電池・リチウムイオン電池）,,危険・有害ごみ,詳細は令和7年（2025年）4月1日からリチウムイオン電池などの収集を開始しました！をご確認ください
,電池（ボタン電池：LR・SR・PR）,,危険・有害ごみ,詳細は令和7年（2025年）4月1日からリチウムイオン電池などの収集を開始しました！をご確認ください
,電池（リチウムコイン電池）,,危険・有害ごみ,45リットルまでの透明・半透明の袋に入れて出す
,テント,,粗大ごみ,
,電話機,,燃えないごみ,
,電話帳,,紙類,《雑誌・古本》
,,,,
,,,,
,,,,
,,,,
,砥石,,市で取り扱えないもの,販売店・専門業者に問い合わせ
,トイレットペーパーの芯,,紙類,《ミックスペーパー》
,トイレブラシ（プラスチック製）,,燃やすごみ,
,トースター,,燃えないごみ,
,豆腐のパック・ふた,,容器包装プラスチック,中身を空にして汚れを取って出す
,灯油,,市で取り扱えないもの,販売店・専門業者に問い合わせ
,灯油用給油ポンプ（手動式）,,燃やすごみ,
,灯油用給油ポンプ（電動式）,,燃えないごみ,電池は外す
,灯油用ポリタンク,,燃やすごみ,未使用または灯油がキハツしにおいのないものは製品プラスチック
,時計（腕時計・置時計・壁掛け時計・柱時計）,,燃えないごみ,50cm以上は粗大ごみ。電池は外す
,戸棚,,大型粗大ごみ,1m未満は粗大ごみ
,トタン板（金属製）,,棒状・板状等粗大ごみ,50cm未満は燃えないごみ
,ドライバー（工具）,,燃えないごみ,
,ドライヤー,,燃えないごみ,
,ドリル（電動）,,燃えないごみ,電池は外す
,トレー（プラスチック製食品トレー）,,容器包装プラスチック,できるだけ販売店の回収ボックスに出す
,トレー（金属製・陶磁器製）,,燃えないごみ,50cm以上は粗大ごみ
,トレー（プラスチック製）,,製品プラスチック,50cm以上は粗大ごみ
,トレー（木製）,,燃やすごみ,50cm以上は粗大ごみ
,トレーナー,,布類,洗濯・乾燥して出す
,ドレッサー（鏡台）,,粗大ごみ,
,,,,
,,,,
,,,,
,,,,
,,,,
,ナイフ,,危険・有害ごみ,新聞紙などの紙類に包み「キケン」と書いて出す
,長靴,,燃やすごみ,
,納豆の容器（紙製）,,紙類,《ミックスペーパー》。洗って乾かして出す
,納豆の容器（プラスチック製）,,容器包装プラスチック,中身を空にして汚れを取って出す
,鍋・土鍋・ホーロー鍋,,燃えないごみ,
,鍋（シリコン製）,,製品プラスチック,
,生ごみ,,燃やすごみ,水を切って出す
,生ごみ処理機（電動）,,燃えないごみ,50cm以上は粗大ごみ
,生ごみ処理機（非電動：プラスチック製）,,製品プラスチック,50cm以上は粗大ごみ
,生ごみ処理機（非電動：木製）,,燃やすごみ,50cm以上は粗大ごみ
,波板（樹脂製）,,棒状・板状等粗大ごみ,
,,,,
,,,,
,,,,
,,,,
,人形（ガラス製・金属製・陶磁器製）,,燃えないごみ,50cm以上は粗大ごみ
,人形（ゴム製・布製・ソフトビニール製・木製）,,燃やすごみ,40リットルまでの有料袋（指定収集袋）に入らない場合は粗大ごみ
,人形（プラスチック製）,,製品プラスチック,50cm以上は粗大ごみ
,人形ケース（ガラス製）,,燃えないごみ,50cm以上は粗大ごみ
,人形ケース（プラスチック製）,,製品プラスチック,50cm以上は粗大ごみ
,,,,
,,,,
,,,,
,,,,
,,,,
,ぬいぐるみ,,燃やすごみ,40リットルまでの有料袋（指定収集袋）に入らない場合は粗大ごみ。電池式は電池を外して燃えないごみ
,布・端切れ布,,布類,
,,,,
,,,,
,,,,
,,,,
,ネクタイ,,布類,洗濯・乾燥して出す
,ネコのトイレ砂,,燃やすごみ,
,ネット（果物などが入っていたもの）,,容器包装プラスチック,
,ネット（購入したもの）,,燃やすごみ,40リットルまでの有料袋（指定収集袋）に入らない場合は粗大ごみ
,ネットボックス（折りたたみ式ごみネット）,,粗大ごみ,
,寝袋,,燃やすごみ,40リットルまでの有料袋（指定収集袋）に入らない場合は粗大ごみ
,粘着テープ,,燃やすごみ,
,粘土（紙・油性）,,燃やすごみ,
,,,,
,,,,
,,,,
,ノート,,紙類,《ミックスペーパー》。ホチキスなどの金具はついたままで出せる
,農薬（容器も含む）,,市で取り扱えないもの,販売店・専門業者に問い合わせ
,のこぎり,,危険・有害ごみ,新聞紙などの紙類に包み「キケン」と書いて出す
,,,,
,,,,
,,,,
,,,,
,パーツケース（プラスチック製）,,製品プラスチック,
,ハードディスク（HDD）・SD〔外付用〕,,燃えないごみ,
,灰,,燃やすごみ,水にひたして出す
,バイオ剤（電動生ごみ処理機用）,,燃やすごみ,
,バイク（部品含む）,,市で取り扱えないもの,販売店・専門業者に問い合わせ
,ハイドロボール,,市で取り扱えないもの,販売店・専門業者に問い合わせ
,パイプ椅子,,粗大ごみ,50cm未満は燃えないごみ、1m以上かつ二人掛け以上のものは大型粗大ごみ
,パイプハンガー・ハンガーラック,,粗大ごみ,
,パイプベッド,,大型粗大ごみ,1m未満は粗大ごみ
,バインダー（厚紙製）,,燃やすごみ,
,バインダー（プラスチック製）,,製品プラスチック,
,はがき,,紙類,《ミックスペーパー》
,はかり（金属製）,,燃えないごみ,
,はかり（プラスチック製）,,製品プラスチック,デジタル式は電池を外して燃えないごみ
,バケツ（金属製）,,燃えないごみ,50cm以上は粗大ごみ
,バケツ（プラスチック製）,,製品プラスチック,50cm以上は粗大ごみ
,はさみ,,危険・有害ごみ,新聞紙などの紙類で包み「キケン」と書いて出す
,はしご,,粗大ごみ,金属製で50cm未満は燃えないごみ
,バスケット（プラスチック製）,,製品プラスチック,50cm以上は粗大ごみ
,バスケット（木製）,,燃やすごみ,40リットルまでの有料袋（指定収集袋）に入らない場合は粗大ごみ
,パソコン（デスクトップ・ノート）,,市で取り扱えないもの,製造メーカー・専門業者に問い合わせ
,パソコンデスク,,粗大ごみ,1m以上は大型粗大ごみ
,肌着,,布類,洗濯・乾燥して出す
,鉢受け皿（陶磁器製）,,燃えないごみ,
,鉢受け皿（プラスチック製）,,製品プラスチック,
,鉢底石,,市で取り扱えないもの,販売店・専門業者に問い合わせ
,発炎筒,,燃やすごみ,水にひたして出す
,バッグ（革製・布製・ビニール製）,,布類,汚れ・壊れがある場合は燃やすごみ
,バッテリー,,市で取り扱えないもの,販売店・専門業者に問い合わせ
,バット（金属製）,,燃えないごみ,50cm以上でもクリーンステーションに出せる。有料袋（指定収集袋）を巻きつけて出す
,バット（プラスチック製）,,製品プラスチック,50cm以上でもクリーンステーションに出せる
,バット（木製）,,棒状・板状等特定粗大ごみ,
,発泡スチロール（緩衝材）,,容器包装プラスチック,50cm以上でもクリーンステーションに出せる
,バドミントンのシャトル,,燃やすごみ,プラスチック製は製品プラスチック
,花火,,燃やすごみ,水にひたして出す
,歯ブラシ,,製品プラスチック,電動式は電池を外して燃えないごみ
,歯ブラシホルダー（プラスチック製）,,製品プラスチック,陶磁器製は燃えないごみ
,花用給水スポンジ,,製品プラスチック,
,歯磨き粉チューブ,,容器包装プラスチック,中身を空にして出す
,刃物,,危険・有害ごみ,新聞紙などの紙類で包み「キケン」と書いて出す
,パラボラアンテナ,,粗大ごみ,50cm未満は燃えないごみ
,バラン（仕切り用）,,燃やすごみ,
,針,,危険・有害ごみ,新聞紙などの紙類で包み「キケン」と書いて出す
,針金,,燃えないごみ,
,バリカン,,燃えないごみ,電池は外す
,ハンガー（金属製）,,燃えないごみ,
,ハンガー（プラスチック製）,,製品プラスチック,
,ハンガー（木製）,,燃やすごみ,
,ハンカチ,,布類,洗濯・乾燥して出す
,半紙,,紙類,《ミックスペーパー》
,パンチ（穴あけ器）,,燃えないごみ,
,パンフレット（背表紙のないもの）,,紙類,《ミックスペーパー》。背表紙のあるものは《雑誌・古本》
,,,,
,,,,
,,,,
,,,,
,ピアノ,,市で取り扱えないもの,販売店・専門業者に問い合わせ
,ビーズクッション,,燃やすごみ,40リットルまでの有料袋（指定収集袋）に入らない場合は粗大ごみ
,ヒーター（オイルヒーター・温風ヒーター・ガスファンヒーター・石油ファンヒーター・パネルヒーター・ハロゲンヒーター）,,燃えないごみ,灯油は抜く。50cm以上は粗大ごみ
,ビー玉,,燃えないごみ,
,ビーチパラソル,,粗大ごみ,支えのコンクリート土台は市で取り扱えないもの
,ビート板（プラスチック製）,,製品プラスチック,50cm以上でもクリーンステーションに出せる
,ビールケース,,製品プラスチック,できるだけ販売店に返却。50cm以上は粗大ごみ
,ビール瓶,,飲食用カン・ビン,できるだけ販売店に返却
,ひげ剃り（金属製・プラスチック製）,,危険・有害ごみ,新聞紙などの紙類で包み「キケン」と書いて出す。電動式は電池を外して燃えないごみ
,ひしゃく（金属製）,,燃えないごみ,50cm以上でもクリーンステーションに出せる。有料袋（指定収集袋）を巻きつけて出す。1m以上は棒状・板状等粗大ごみ
,ひしゃく（プラスチック製）,,製品プラスチック,50cm以上でもクリーンステーションに出せる。1m以上は棒状・板状等粗大ごみ
,ひしゃく（木製）,,燃やすごみ,50cm以上1m未満は棒状・板状等特定粗大ごみ、1m以上は棒状・板状等粗大ごみ
,ビデオカメラ,,燃えないごみ,電池は外す
,ビデオテープ（ケース含む）,,製品プラスチック,
,ビデオデッキ,,燃えないごみ,50cm以上は粗大ごみ
,ひな人形セット,,粗大ごみ,50cm未満は燃やすごみ
,ビニール製品,,燃やすごみ,40リットルまでの有料袋（指定収集袋）に入らない場合は粗大ごみ
,火鉢,,燃えないごみ,50cm以上は粗大ごみ
,百科事典,,紙類,《雑誌・古本》
,ビン（飲食用：ガラス製）,,飲食用カン・ビン,中をすすいで出す。陶磁器製は燃えないごみ、割れたものは危険・有害ごみ
,ビン（飲食用以外）,,燃えないごみ,中をすすいで出す。割れたものは危険・有害ごみ
,ビンのふた（金属製）,,燃えないごみ,
,ビンのふた（プラスチック製）,,容器包装プラスチック,
,ビンのふた（木製）,,燃やすごみ,コルクなど
,,,,
,,,,
,,,,
,,,,
,ファイル（文具類：紙製）,,紙類,《ミックスペーパー》
,ファイル（文具類：プラスチック製）,,製品プラスチック,
,ファックス・ファクシミリ（家庭用）,,燃えないごみ,50cm以上は粗大ごみ
,フィルムケース,,容器包装プラスチック,
,ブーツ,,燃やすごみ,
,封筒・茶封筒（紙製）,,紙類,《ミックスペーパー》
,封筒（ビニール製・プラスチック製）,,燃やすごみ,
,フードプロセッサー,,燃えないごみ,
,プール（子供用遊具）,,燃やすごみ,40リットルまでの有料袋（指定収集袋）に入らない場合は粗大ごみ
,笛（金属製）,,燃えないごみ,
,笛（プラスチック製）,,製品プラスチック,
,笛（木製）,,燃やすごみ,
,ふきん,,布類,洗濯・乾燥して出す
,不織布,,燃やすごみ,
,ふせん,,紙類,《ミックスペーパー》
,ブックエンド（金属製）,,燃えないごみ,
,ブックエンド（プラスチック製）,,製品プラスチック,
,ブックエンド（木製）,,燃やすごみ,
,ブックカバー（紙製）,,紙類,《ミックスペーパー》。切り口が茶色の場合は《ボール紙・クラフト紙》
,ブックカバー（革製・布製・ビニール製）,,燃やすごみ,
,仏壇,,粗大ごみ,
,筆,,燃やすごみ,
,筆箱（金属製）,,燃えないごみ,
,筆箱（布製・ビニール製・木製）,,燃やすごみ,
,筆箱（プラスチック製）,,製品プラスチック,
,布団（綿・羽毛・羊毛）,,粗大ごみ,1枚につき粗大ごみ1品
,布団圧縮袋,,燃やすごみ,
,布団カバー,,布類,洗濯・乾燥して出す
,布団乾燥機,,燃えないごみ,50cm以上は粗大ごみ
,布団たたき（プラスチック製）,,製品プラスチック,50cm以上でもクリーンステーションに出せる
,布団たたき（木製）,,棒状・板状等特定粗大ごみ,
,布団ばさみ（プラスチック製）,,製品プラスチック,
,フライパン,,燃えないごみ,50cm以上でもクリーンステーションに出せる。有料袋（指定収集袋）に入りきらない場合は、40リットル相当の有料袋（指定収集袋）を貼りつけて出す
,ブラインド,,粗大ごみ,
,ぶら下がり健康器,,大型粗大ごみ,
,プラモデル,,製品プラスチック,
,プランター（陶磁器製）,,燃えないごみ,50cm以上は粗大ごみ
,プランター（プラスチック製）,,製品プラスチック,50cm以上は粗大ごみ（3個まで粗大ごみ1品扱い）
,フリース,,布類,洗濯・乾燥して出す
,ブリキ製品,,燃えないごみ,50cm以上は粗大ごみ
,プリンター（家庭用）,,燃えないごみ,50cm以上は粗大ごみ
,風呂釜,,市で取り扱えないもの,販売店・専門業者に問い合わせ
,プロジェクター,,燃えないごみ,50cm以上は粗大ごみ
,風呂敷,,布類,洗濯・乾燥して出す
,フロッピーディスクとケース,,製品プラスチック,
,風呂のイス（プラスチック製）,,製品プラスチック,
,風呂のイス（木製）,,燃やすごみ,
,風呂のふた（金属製）,,燃えないごみ,50cm以上でもクリーンステーションに出せる。有料袋（指定収集袋）に入りきらない場合は、40リットル相当の有料袋（指定収集袋）を貼りつけて出す
,風呂のふた（プラスチック製）,,製品プラスチック,50cm以上でもクリーンステーションに出せる
,風呂のふた（木製）,,棒状・板状等特定粗大ごみ,
,プロパンガスボンベ,,市で取り扱えないもの,ガスボンベに表示のLPガス販売店に問い合わせ
,風呂用スリッパ,,製品プラスチック,
,,,,
,,,,
,,,,
,,,,
,,,,
,ヘアドライヤー,,燃えないごみ,
,ヘアピン（金属製）,,燃えないごみ,
,ヘアピン（プラスチック製）,,製品プラスチック,
,ヘアピン（木製）,,燃やすごみ,
,ヘアブラシ（金属製）,,燃えないごみ,
,ヘアブラシ（プラスチック製）,,製品プラスチック,
,ヘアブラシ（木製）,,燃やすごみ,
,ベッド台（折りたたみベッド・ベビーベッド含む）,,大型粗大ごみ,1m未満は粗大ごみ
,ペットの運搬ケース（金属製）,,燃えないごみ,50cm以上は粗大ごみ
,ペットの運搬ケース（布製・ビニール製・革製）,,燃やすごみ,40リットルまでの有料袋（指定収集袋）に入らない場合は粗大ごみ
,ペットの運搬ケース（プラスチック製）,,製品プラスチック,50cm以上は粗大ごみ
,ペットのケージ,,粗大ごみ,50cm未満で金属製は燃えないごみ、プラスチック製は製品プラスチック、木製は燃やすごみ
,ペットの小屋,,粗大ごみ,
,ペットフードのカン・フタ,,飲食用カン・ビン,アルミホイル製は燃やすごみ
,ヘッドフォン（有線タイプ）,,燃えないごみ,
,ペットボトル（本体）,,ペットボトル,ふたと外装フィルムは容器包装プラスチック。着色されたペットボトルは燃やすごみ
,ペット用トイレ（プラスチック製）,,燃やすごみ,50cm以上は粗大ごみ
,ペット用トイレシート,,燃やすごみ,
,ベニヤ板,,棒状・板状等粗大ごみ,
,ベビーカー・乳母車・バギー,,粗大ごみ,
,ベビーゲート・ベビーフェンス・ベビーサークル,,粗大ごみ,
,ベビーバス,,粗大ごみ,
,へら（金属製）,,燃えないごみ,
,へら（シリコーン製・プラスチック製）,,製品プラスチック,
,へら（木製）,,燃やすごみ,
,ベルト,,布類,壊れ・汚れのある場合は燃やすごみ
,便器（陶器製）,,市で取り扱えないもの,販売店・専門業者に問い合わせ
,便座（プラスチック製）,,燃やすごみ,50cm以上は粗大ごみ、温水洗浄便座は燃えないごみ
,便座カバー,,燃やすごみ,
,ペン立て（革製・木製）,,燃やすごみ,
,ペン立て（金属製・陶磁器製）,,燃えないごみ,
,ペン立て（プラスチック製）,,製品プラスチック,
,ペンチ,,燃えないごみ,
,弁当箱（金属製）,,燃えないごみ,
,弁当箱（プラスチック製）,,製品プラスチック,使い捨てでプラマークがついているものは容器包装プラスチック
,弁当箱（木製）,,燃やすごみ,
,,,,
,,,,
,,,,
,,,,
,望遠鏡・天体望遠鏡,,粗大ごみ,50cm未満は燃えないごみ
,ほうき（プラスチック製）,,製品プラスチック,50cm以上でもクリーンステーションに出せる
,ほうき（木製）,,棒状・板状等特定粗大ごみ,
,帽子,,布類,壊れ・汚れのある場合は燃やすごみ
,ホース（ゴム製・ビニール製）,,燃やすごみ,1m未満に切って出す
,ホースリール（金属製）,,燃えないごみ,ホースは外す
,ホースリール（プラスチック製）,,製品プラスチック,ホースは外す
,包装紙,,紙類,《ミックスペーパー》
,包帯,,燃やすごみ,
,ポータブルトイレ,,燃やすごみ,50cm以上は粗大ごみ
,防虫剤,,燃やすごみ,
,包丁,,危険・有害ごみ,新聞紙などの紙類で包み「キケン」と書いて出す。電動式は電池を外して燃えないごみ
,包丁研ぎ器（ステンレス製・セラミック製）,,燃えないごみ,
,包丁研ぎ器（プラスチック製）,,製品プラスチック,
,防鳥用ネット,,燃やすごみ,40リットルまでの有料袋（指定収集袋）に入らない場合は粗大ごみ
,ボウリングの球,,市で取り扱えないもの,販売店・専門業者に問い合わせ
,ボウル（台所用品：金属製）,,燃えないごみ,
,ボウル（台所用品：プラスチック製）,,製品プラスチック,
,ボール,,燃やすごみ,野球・サッカー・テニス・ゴルフ用など
,ボール紙,,紙類,《ボール紙・クラフト紙》
,ボールペン（金属製）,,燃えないごみ,
,ボールペン（プラスチック製）,,製品プラスチック,
,ボールペン（木製）,,燃やすごみ,
,墨汁（液体）,,燃やすごみ,紙や布にしみこませて出す。容器は容器包装プラスチック
,木刀,,棒状・板状等特定粗大ごみ,
,ポスター,,紙類,《ミックスペーパー》
,ポスト（金属製）,,燃えないごみ,50cm以上は粗大ごみ
,ポスト（プラスチック製）,,製品プラスチック,50cm以上は粗大ごみ
,ポスト（木製）,,燃やすごみ,50cm以上は粗大ごみ
,ボタン（貝製・木製）,,燃やすごみ,
,ボタン（ガラス製・金属製・陶磁器製）,,燃えないごみ,
,ボタン（プラスチック製）,,製品プラスチック,
,補聴器,,燃えないごみ,電池は外す
,ホッチキス（ステープラー）,,燃えないごみ,プラスチック製は製品プラスチック
,ポット（魔法瓶）,,燃えないごみ,電気ポットは電池を外す
,ホットプレート,,燃えないごみ,50cm以上は粗大ごみ
,哺乳瓶（ガラス製）,,燃えないごみ,
,哺乳瓶（プラスチック製）,,製品プラスチック,
,ポリ袋（商品を入れたもの）,,容器包装プラスチック,自身で購入したものは燃やすごみ
,保冷庫（電気を使用するもの〈ガス等の併用含む〉に限る）,,市で取り扱えないもの,販売店・専門業者に問い合わせ
,保冷剤,,燃やすごみ,
,ホワイトボード,,燃えないごみ,50cm以上は粗大ごみ
,本,,紙類,《雑誌・古本》
,,,,
,,,,
,,,,
,,,,
,マウス（パソコン用）,,燃えないごみ,電池は外す
,マウスパッド（プラスチック製）,,製品プラスチック,
,マガジンラック（金属製）,,燃えないごみ,50cm以上は粗大ごみ
,マガジンラック（プラスチック製）,,製品プラスチック,50cm以上は粗大ごみ
,マガジンラック（木製）,,燃やすごみ,50cm以上は粗大ごみ
,まくら,,燃やすごみ,40リットルまでの有料袋（指定収集袋）に入らない場合は粗大ごみ
,まくら（ウレタン製）,,製品プラスチック,45リットルまでの透明・半透明の袋に入らない場合は粗大ごみ
,まくらカバー,,布類,洗濯・乾燥して出す
,マジック（水性・油性）,,燃やすごみ,
,マスク（布製）,,布類,洗濯・乾燥して出す。不織布の使い捨てマスクは燃やすごみ
,マッサージチェアー,,大型粗大ごみ,1m未満は粗大ごみ
,マッチ,,燃やすごみ,水にひたして出す
,マット（トイレ・浴室用など）,,燃やすごみ,40リットルまでの有料袋（指定収集袋）に入らない場合は粗大ごみ
,マットレス・ベッドマット（スプリングあり）,,市で取り扱えないもの,販売店・専門業者に問い合わせ
,マットレス・ベッドマット（スプリングなし）,,粗大ごみ,ウレタン製で45リットルまでの透明・半透明の袋に入る場合は製品プラスチック
,松葉杖（金属製・木製）,,粗大ごみ,
,まな板（プラスチック製）,,製品プラスチック,50cm以上は粗大ごみ
,まな板（木製）,,燃やすごみ,50cm以上は粗大ごみ
,マニキュアの容器・ふた（ガラス製・金属製）,,燃えないごみ,中身を使い切って出す
,マニキュアの容器・ふた（プラスチック製）,,容器包装プラスチック,中身を使い切って出す。プラマークがついていない場合は燃やすごみ
,マネキンの頭部（プラスチック製）,,燃やすごみ,個人使用のヘアカット練習用に限る
,マフラー（衣類）,,布類,洗濯・乾燥して出す
,マヨネーズの外袋・ふた・容器,,容器包装プラスチック,中身を空にして汚れを取って出す
,万年筆（金属製）,,燃えないごみ,
,万年筆（プラスチック製）,,製品プラスチック,
,万年筆（木製）,,燃やすごみ,
,,,,
,,,,
,,,,
,ミキサー,,燃えないごみ,
,ミシン,,燃えないごみ,50cm以上は粗大ごみ
,水切りかご・トレー（金属製）,,燃えないごみ,
,水切りかご・トレー（プラスチック製）,,製品プラスチック,
,水枕,,燃やすごみ,
,密封容器（プラスチック製）,,製品プラスチック,
,ミニコンポ,,燃えないごみ,50cm以上は粗大ごみ
,ミニディスク（MD）とそのケース,,製品プラスチック,
,耳かき（金属製）,,燃えないごみ,
,耳かき（プラスチック製）,,製品プラスチック,
,耳かき（木製）,,燃やすごみ,
,,,,
,,,,
,,,,
,麦わら帽子,,燃やすごみ,
,虫かご・虫の飼育ケース（プラスチック製）,,製品プラスチック,50cm以上は粗大ごみ
,虫とり網（金属製）,,棒状・板状等粗大ごみ,1m未満は燃えないごみ
,虫とり網（木製）,,棒状・板状等特定粗大ごみ,
,虫メガネ,,燃えないごみ,レンズがプラスチック製の場合は製品プラスチック
,,,,
,,,,
,,,,
,名刺入れ（革製・布製・ビニール製・木製）,,燃やすごみ,
,名刺入れ（金属製）,,燃えないごみ,
,名刺入れ（プラスチック製）,,製品プラスチック,
,メガネ・老眼鏡,,燃えないごみ,レンズがプラスチック製の場合は製品プラスチック
,メガネケース（革製・布製・ビニール製・木製）,,燃やすごみ,
,メガネケース（金属製）,,燃えないごみ,
,メガネケース（プラスチック製）,,製品プラスチック,
,目薬の容器（ボトル）,,容器包装プラスチック,中身を空にして出す
,メモリーカード,,製品プラスチック,
,綿棒,,燃やすごみ,
,,,,
,,,,
,,,,
,毛布,,布類,洗濯・乾燥して出す
,餅つき機（電動）,,燃えないごみ,50cm以上は粗大ごみ
,木材（原材料）〔棒状：長さ50cm未満〕,,燃やすごみ,
,木材（原材料）〔棒状：長さ50cm以上1m未満、太さ10cm未満〕,,棒状・板状等特定粗大ごみ,太さ10cm以上は粗大ごみ
,木材（原材料）〔棒状：長さ1m以上、太さ10cm未満〕,,棒状・板状等粗大ごみ,太さ10cm以上は粗大ごみ
,木材（原材料）〔板状：長さ50cm未満〕,,燃やすごみ,
,木材（原材料）〔板状：長さ50cm以上厚さ3cm未満〕,,棒状・板状等粗大ごみ,厚さ3cm以上は粗大ごみ
,モップ（金属製）,,燃えないごみ,50cm以上でもクリーンステーションに出せる。有料袋（指定収集袋）を巻きつけて出す。房糸部分は外して燃やすごみ
,モップ（プラスチック製）,,製品プラスチック,50cm以上でもクリーンステーションに出せる。房糸部分は外して燃やすごみ
,モップ（木製）,,棒状・板状等特定粗大ごみ,
,物置（スチール製・木製）,,粗大ごみ,解体したものに限る。床面積が1.65平方メートル以上3.3平方メートル未満は大型粗大ごみ
,物干し竿（金属製）,,棒状・板状等粗大ごみ,1m未満は燃えないごみ
,物干し竿（木製）,,棒状・板状等粗大ごみ,50cm以上1m未満は棒状・板状等特定粗大ごみ
,物干し台（コンクリート製）,,市で取り扱えないもの,販売店・専門業者に問い合わせ
,物干しハンガー（金属製）,,燃えないごみ,50cm以上は粗大ごみ
,物干しハンガー（プラスチック製）,,製品プラスチック,50cm以上は粗大ごみ
,,,,
,,,,
,,,,
,,,,
,,,,
,やかん,,燃えないごみ,
,薬品（化学薬品・容器も含む）,,市で取り扱えないもの,販売店・専門業者に問い合わせ
,野菜の結束テープ,,燃やすごみ,
,野菜の外袋・ネット（プラスチック製）,,容器包装プラスチック,
,,,,
,,,,
,,,,
,,,,
,USBメモリー,,製品プラスチック,金属製は燃えないごみ
,浴衣,,布類,洗濯・乾燥して出す
,湯たんぽ（金属製・陶器製）,,燃えないごみ,
,湯たんぽ（プラスチック製）,,製品プラスチック,
,湯沸器・給湯器（台所用）,,燃えないごみ,50cm以上は粗大ごみ
,,,,
,,,,
,,,,
,ヨーグルトカップ（紙製）,,紙類,《ミックスペーパー》。中身を空にして洗って乾かして出す
,ヨーグルトカップ（プラスチック製）,,容器包装プラスチック,中身を空にして汚れを取って出す
,洋服,,布類,洗濯・乾燥して出す
,よしず,,粗大ごみ,
,,,,
,,,,
,,,,
,,,,
,ライター（金属製・使い捨て）,,危険・有害ごみ,中身が残ったものも出せる。45リットルまでの透明・半透明の袋に入れて出す
,ラケット（カーボン製・木製）,,棒状・板状等特定粗大ごみ,
,ラケット（金属製）,,燃えないごみ,50cm以上でもクリーンステーションに出せる。有料袋（指定収集袋）を巻きつけて出す
,ラジオ,,燃えないごみ,50cm以上は粗大ごみ
,ラジカセ,,燃えないごみ,50cm以上は粗大ごみ
,ラック（積み重ね含む）,,粗大ごみ,
,ラップ（店で包装されたもの）,,容器包装プラスチック,自身で購入したものは燃やすごみ
,ラップの芯,,紙類,《ミックスペーパー》
,ラップの外箱（刃は外す）,,紙類,《ボール紙・クラフト紙》。金属刃は外して危険・有害ごみ
,ランドセル,,燃やすごみ,
,ランニングマシン,,大型粗大ごみ,1m未満は粗大ごみ
,ランプ（金属製）,,燃えないごみ,50cm以上は粗大ごみ。電球・蛍光管は危険・有害ごみ
,,,,
,,,,
,,,,
,,,,
,リール（釣具：金属製）,,燃えないごみ,
,リール（釣具：プラスチック製）,,製品プラスチック,
,リコーダー（笛）,,製品プラスチック,
,リモコン,,燃えないごみ,電池は外す
,リュックサック,,布類,壊れ・汚れがある場合は燃やすごみ
,,,,
,,,,
,,,,
,,,,
,ルアー（釣り用：金属製・プラスチック製）,,危険・有害ごみ,新聞紙などの紙類で包み「キケン」と書いて出す
,ルーペ（プラスチック製）,,製品プラスチック,レンズがガラス製の場合は燃えないごみ
,,,,
,,,,
,冷蔵庫・冷凍庫,,市で取り扱えないもの,販売店・専門業者に問い合わせ
,冷風機,,棒状・板状等粗大ごみ,50cm未満のフロンガスなしは燃えないごみ
,レインコート（雨合羽）（ビニール製）,,燃やすごみ,
,レーザーディスク（LD）,,製品プラスチック,紙製のケースは《ボール紙・クラフト紙》
,レーザーディスクプレーヤー,,燃えないごみ,50cm以上は粗大ごみ
,レコードジャケット,,紙類,《ボール紙・クラフト紙》
,レコード盤,,燃やすごみ,
,レコードプレーヤー,,燃えないごみ,50cm以上は粗大ごみ
,レシート,,紙類,《ミックスペーパー》
,レジ袋,,容器包装プラスチック,店舗設置のロールポリ袋含む
,レターケース（プラスチック製）,,製品プラスチック,
,レトルトパック,,容器包装プラスチック,中身を空にして汚れを取って出す。汚れ・においがとれない場合は燃やすごみ
,レンガ,,市で取り扱えないもの,販売店・専門業者に問い合わせ
,レンジ台,,粗大ごみ,
,,,,
,,,,
,,,,
,ローソク,,燃やすごみ,
,ロッカー（家庭用）,,粗大ごみ,1m以上は大型粗大ごみ
,ローラーブレイド（プラスチック製）,,製品プラスチック,金属製の場合は燃えないごみ
,,,,
,,,,
,,,,
,ワープロ,,燃えないごみ,50cm以上は燃えないごみ。インクリボンは製品プラスチック
,ワイシャツ,,布類,洗濯・乾燥して出す
,ワインクーラー（ワインセラー）,,市で取り扱えないもの,販売店・専門業者に問い合わせ
,輪ゴム,,燃やすごみ,
,和紙,,紙類,《ミックスペーパー》
,綿（わた）,,燃やすごみ,
,割りばし,,燃やすごみ,